{"ENJUSDC": 5.92079207920792, "STONKSUSDT": 30.128755364806864, "OMGUSDT": 6.216520894071918, "RVNUSDC": 5.856941932891302, "IOSTUSDT": 5.583365421640344, "SUSDC": 7.803901950975489, "NEOUSDC": 5.553058396074465, "INJUSDC": 6.317678100263846, "STXUSDC": 6.288903198111181, "XMRUSDC": 6.480191120844127, "THETAUSDC": 5.036353963468697, "TAOUSDC": 5.166267884174038, "EGLDUSDC": 5.636160189564557, "BOMEUSDC": 5.05912162162163, "ZILUSDC": 6.99167657550535, "FETUSDC": 8.01041064198959, "APEUSDC": 5.703330936975794, "MAGICUSDT": 6.696719458517837, "ARUSDC": 6.398806209492419}